<!DOCTYPE hibernate-configuration PUBLIC
	"-//Hibernate/Hibernate Configuration DTD 3.0//EN"
	"http://hibernate.sourceforge.net/hibernate-configuration-3.0.dtd">
<hibernate-configuration>
	<session-factory>
		<property name="connection.driver_class">com.mysql.cj.jdbc.Driver</property>
		<property name="connection.url">jdbc:mysql://localhost:3306/demo?serverTimezone=UTC</property>
		<property name="connection.serverTimeZone">UTC</property>
		<property name="connection.username">root</property>
		<property name="connection.password">root</property>
		<property name="connection.pool_size">10</property>
		<property name="dialect">org.hibernate.dialect.MySQLDialect</property>
		<property name="hbm2ddl.auto">update</property>
		<property name="show_sql">true</property>
		<property name="format_sql">true</property>
		<mapping class="com.java.Student"/>
		<mapping class="com.java.Certification"/>
	</session-factory>
</hibernate-configuration>